full_name,email,phone_number,address,year_of_birth,year_of_birth_noisy
980c558a4f06cdc47d61f46b6183c87c6c32d3f74bcbe5e3d3644d7c3e5a6078,3819989d7a02e4e2945bf486e92737a2e0811d3c528422ae3a9e57de4f573772,61b47da418caee9a5162c8ae82523d2f8220174193fbf7bca55e4777d754c8e2,070fd4f9540841a6ac0083d9c86c84f922a99fb46db3115abf0a9512d69ac127,1973,1974
8be09754520f625d625cd3cc72551a44e511c0a18a88617fe1edc5ecf8d161ba,4bda1e4bd986437b8358f9db1a03b5e0f760fd21d6bb40aebbb23b0c7b0069f0,8694345b14243ec2b13349bf8f6649f0cc3d37b4e67c54395718d8251bee9e86,f2167ca6a1c159ec1dcd18e307647dc79161970f376bd5c752ba3450a60f5990,1940,1939
9fc30a0a82ba7e223c633a9caa060e1801e2cfb10494ce707e080bffab742c38,352855dd9e005b4b0be9937635bb02aef34c5752cb3303fbbeed4d715e10bb2e,1a32c2eb471d89f2666b24de36034ee96a70c2973d3b3139261997fc9eae6f94,b846833b3ba9a5c9337d56ba712073959a935127a9055e9dc8d36db8150321e1,1997,1998
e0d5425e4475defd97800b4a0feeace0e8c2e9395e03b1ff4b2995dd4a9ab223,0e55761aafca0127c7dfcb5d10e5b328965492f259066025121eb8c0f2e19b45,418eb343496fa84c837445e1e1488352a5a0ede2a92b7d94d6f150e961a307a6,62cb20ca103c150ed40e1d3a5791927512d20b771721c158eb0a1fed98bbf882,2008,2009
56cff051ce9071e1d8a41bab7209d91fc8b0d17df8e5d90f1342fb10ce72d777,8f639f529bf68a4b57165dbb4b3c9af72402c763997eec59ed0e7c2e0ecf8dc6,7e683594f99eb71c8a32c6d6d1fe3822fb7e772b61b05b8a10600cc322a80ace,c409f0dd19c155ab71e72205ab3ba6789d2d359a7d5df0a405e9884bafb5ec2f,1949,1948
e0ce59d3069e068602b6416027f583281e80182a76823f4b119dd78f9d05ac2c,6e28c48e3e41acfd05d735090e50a316caabe42d1794c50dbb2738d8d477fb83,817eafb94f13b71c5936a16c13dfefb3f395675e75f5c69bda038b1bf0d035ab,485b12c3a73211bcedefcb75f282ec442ffa6c503d24d53fa93362102629df86,1939,1938
9220345c642543b5b3a6c92bac5b78c0e301babeb9ab8edaa443c8f2fec4a3e3,286a1f49c7045e8b4af647a5b773fb53663f6a978469c68b6cf987d291f53de2,1729d3548794195f59cf1eb3a92e4b56929f29e4d7e8e5f714f3ee34d43d1cda,6217929edd23eea301d6633830201138ae8bf0ee9fe72aa72968e1cba0b296f5,1954,1955
6ab646b74ec396db926931c6f7bea7a06d718a33ce7e92b5fb9923ab1e7543f9,ec8d56c0c6921ab893bb0b2b47e96d42e0292c13265512ecffac677670ea633e,a3c6d663f1d571e301382c668edc4d281c9d98a9a2a6f3640d061faa6029f3b9,c2e70cea4c592e025cdf675146746f6f4035755f0b6f0481148d6cf639f7dbde,1987,1987
c8728dfc00a3cc8933d62ca4254cec6cdf031f1e87f91e0dc4d6118ff8470d14,b3d1cb3f45238c14b5606ca8f4134dc7185fb5a1a1205f4879214e8c452d1d1c,4ab2a7a0420ae76368e1fa3f96b0027e96f9a9c104a64a685e93c985d777c1a9,179ca09f0324dc35cd7e20d954e0479ba27a1bead29d7c029ed6e6b0bc9068e9,1951,1952
edc3d739387218cb0be14858e8d67cfc6f72e15a3f3dec335d7138b39398063c,2cf88ae98f2f874151203dfb7e396aa4f8174edb487c39037e2bf6549020fa46,5028f656631b8bfea434694c930b759ed72e608af00f073a627dce7042e5c6e2,fc06273482ff0c6fb52a0ef642ed5ebe303ed8a3f69e5c98c4c4c3965f4b421a,2024,2025
5e7254f8187401f86ca18bea1420bfc59395935e7962867bf806712466b071fd,865b8b9e5b8d57edaadea775023f7b86e623602c3663740e9569d8808392ae98,1be787e27bd36aaa86eb0237b0cdddbe550270950eb3815de6b957658c1f6238,a9346f052ece40f3ab6a79d4bbdb92300eed85f74327b2b0c088cc1cd737d552,2021,2022
c1dc5eec5434f6445029d1a8c5f5764a064f86fd067afe4261661743c438c165,2a62003aa9749536a19f03a1a1ce6cd18c1dbe2cba5433e2b8d2c686b901d6a2,bd16c77586ab445b855d5bb7f604435ce053f4b5f61d8e03de3eeb2933461566,9d535fce7a8b74dc5449deacb41e3ffd87e2049f836ae3b9549981c3c02a5430,2006,2007
4f8d4e89bc84ce60f49628b7a2cdfd745f9d96e405d03e6dfd072c7a51b93e83,365916e1415039bd6a6a5cac2e3a3150ec66e9653c69434114c3ec4554d22346,b0f4958ac56daa89b5ad8ed76ec95d73e9354fb2b8fd4565d93d1538464f9207,1f7f9c647c8b5db3c34f816cd845099117bf096c84a5a491d9950804c80fbb7f,1955,1954
377a12594a1753c280797a5e5a1c88a3299567d6b1c53e14a1bd569ce638b542,69b99a794eec3c3942eb4fbc29113a0a459ff4c96ef6d0a530d0764a3a564065,fe7c2e1de535f4117a6db5367791c9305435a7af94b02bb971563cf6ba1aed6f,e53aa6dd6827171943486dc2f773a927cd5cf32c856517fe585cd2dbdc1bd6c7,2024,2025
4378fde2bdc79fe4f4832d8a95f7e5435a516ba70225eb39ce1c5bfe6b4a13f2,dcd67a85a46b5c0cdc74bf7e9096a532c51428da1eb1fdd02c31881914f78922,29891654141c9c38bf34db38418ba532c19d9ec6cf4b8b25b92cfd62eb13b257,aa741381247fe721cee240de87906cf4541bfd400f213d76879a7b9d7946bcdb,2000,2000
4cd0701311f766fe5c600ffb9f57348523fd279cdf8f7025aa887f0df149cdbd,f1cbda4ccb2f6968c8252e630d278496a7fa12f2f57ad3ef33cb2303c4161dc8,09d4bbb2eff5d5a1b0c5890518beb8410a831a8c3839c6f4f4250fe44b7b195d,6d958fb6b0165d8d4aae4f039664d6caa2f857480e6f4c7327f1ea949903a1f6,1918,1917
2b9b55af79bcf4240121ad104cbbf211afb66b8333e728ca753a27648a8259bc,153ef3052552063afbcfdb8a1f946c5fd4976f5869bde9a7c53a9f60b12fe68c,08f8f4141949d4177dd2b09a70c8bfc320d1e4689785fde0a8a061ceea0b36e0,8d5131cb0285505460cb06487353bf594fd935a56b00732b78d8fb1972c9891d,2024,2024
3a6eb2b571b7c3aadbbefbc0f41a14eabd2795e62d3b6712c2350ac73b9f8111,eee767d8f9d773a49faed6bc4be4bcad6f05fc11d86a860f94d8d8ef069f2895,449ac949c3f8f84fbdaff2b9847d39261a608261f77c93c96b8265117dcb095a,4957a0cfd888c9d79abc36398d3b31c0481f1632972fc0b7dd66b26a44f07081,1984,1984
b26c20aabac6412e7d531dfdd0d046819fa06d5ed81743214969fb6bef68ff87,ffe58fc24b1a25b085e7b402a991aed4607209c6ca73198de82d65093565ab21,b7990e459fb23d29e27ac88538ee405b1ae683fbd776b35fcdc1c2ad36e7107d,fd695ab67abf9826eddc2b4e9d2f2ad37cb007448ba8b496e3e405d651ab979e,1997,1997
67e7893fd6bb2fb51b745e9c617f0fa3eb92ddbe3eb897df5f37205ea6b4bffe,32f3bba2e69a194458496fae2083a953430886ed792d35788b0113342bdad372,7d40865a8fee9ad49283be81d83bf6b274911310cdb13128a55c74758e058943,d67765036985d49f09ba6af8609633b0be8f9390c5cc8c49d3927611dd81b415,2015,2015
d71fa0038e50d9ad7f9dc067444d00e9f26394505ae802ffb7cca78702cb47b5,43ea24f096dec8a57575e8f970020907a805fe07a8ef0d82221fc28c49d2bbb8,9fb3296fab371cf39793b1f2b894535d468522f1ec2c15595557ffffa225504b,5da2974dd4ca72d3b229a1982f8f19563c79ef736f16f36e8dbd4c085f194c1a,1992,1991
c0913db0d42b9d6af7c33d3b8d4037b5cabb1715480e9f47d94f19dc1e41da39,eaf7cabd6904fe0aa6e46bcb1f4a7231a46e5e8c253980849572bf588fede3a1,7168c8d0976ddb1f2e95d9429c80e4fa456e76199e5df6e131aec952a6ab8411,d0875d0d1f04a3867a6cffd34d93d4441636211f4784342248f90edd6147b9a6,1997,1996
1d14b2eceb5ad1997df110e506a2f1b79d32be5cb2312559a202b466e64fa215,833f7c39179893f5b956013704064664dc91cce6bc37ded23f61da25ab4c19e4,38d2eafd1b4ea2d3716d25d9e150f2aec3fbd65add8b07dbd2591ef357b135a2,71c91eb5b385a9873f17ef5db16183780006d218abd9891166a3f2541a177a8d,1991,1991
327d5608d1fdcfa33afc183593da4b483bfcbeeb7cc4e34353078c6f61fb6dc1,c77da577b2a758c642f40ba4d18de827212477984d9f598f8e66437da59f218c,356681eac26fab09171b4d03d84948684cd65baee7fb6b7c497035ea25392165,ab7e88d23ed2f8ebc4476be35f37cf7ee06761bd6e62bac85813de98663f6511,1928,1928
e675525f6cdfacc254cc39eac2e3970680b6a66b6f256510a4b3330ececfea97,c80071db82625efcff3a9150c9b9538bf1c6ebc65d10f0f1499a41ba7e501e98,006c84c64a1c2a94860e1bca9a038324010ebda1b1e28d05d0111b0fd2792be0,dc155f476d28f2117acb317d65c8b278608a9d22918e6575b141c762064fa882,2024,2023
b4a58d65fe414b85b8c65af0b5e61ca6b188969984ee8cdf7802499741f7c8a1,15846e6c94c431fc6627cda9f5cd7a04ba6afa7c9a0d71d24eb261cf095f25ae,c434f51d2f6aba2bbb86ad3a850dec37bfe96875501fbf3050b9c84ff6330b37,8a4f17b8b1d242003f4475d14881985a82c24f6d42ea8e326b3c56e92f5ed046,1962,1961
80414ad37e4b249138510bd9de3d30695aa543d2ae8aefcc3ae277292b23b1c4,d5f49844a3dd943e03ed027aa0d5155cfd1884ebd16f02463f2be2118b4491a1,9319624c04714ec99a0c2adea75e5c8af04f75a97651f2b480d8d106d67b55aa,8e22fd0f86263c8f9fbe79ccb3927f6311918dcbc2da1fee7a019cf0e4575f50,1926,1925
31d267f44308763525316f23a533113a99061a9a47cc7d2b57ee287dd208011a,6bcd1dc8db5d4304e9abe23945a52f7a137c0c4e1795628be904de2646d69fb7,bacd8a20f6ef68bfcaaa9a5367ea39a8ec46f17d900ff84a231a13f51658fd1e,96774fe1f97e194774ed19c5d28b05a7932bb24f8a030a2de2648a3d72434dfd,1942,1943
bfad5a63fb0359caf2cdf1cd8c91845e1f76f827cec6a76e26c323d30a0a7616,660c8d5cfdad37a60d9deb057ccf2c8f446b1b65173046016b515d34e49743ce,d01cf57ddcb69fd85f139ae7499c48221682aed2078aa11246e069fccde7f1a9,5b6caf7141b76d15ff1d73829700d4919d1e21dfa42557c090cc9e96a67429d6,1933,1934
3d9298f312bcf301f50bbb4d37d24a6400ef54d796dfbc43695578273a22b084,8b84ee1f1b661dd2e4a6285c90400a8213cb30e4105c2a7b90649a4f2f349e88,4552a1bb62477501e93f3f92b61aa0c772b8c86e23b5ca8fa85791cdc2db31f2,bcb8f9a15394db1d9d18f22c552d63a8fe7856d3c065172fab15f399953b98a9,1974,1975
0225a4aa38e71a3176281b248e7dcd5d384ce6fa96069c4a00b6038f061bae44,9168e1cd87d09a578c810e2606f02270cb7965c9741c833bb3d15c48f4184be3,34d749971db4b0aab9bdfc7c8097dc07453b0fb2f459b568548221542054952d,27cd81a4dc803e12e4778a8343b8482401422e73a37d4fadd2d26af7774d00f3,1977,1977
9c521e625531f039a60b75df09118470004a1d1b6eac7d6a910633331294b611,2f6df6e37e1dac05da4f74359549353bcf297360afc64a8f2940146f47a8368e,85532e90d64691753da4c6471f04fff5b5823c9262ae05ecd59f7a252c393e78,1c6832bd1ce5692471f2bcdbb2d787866277d9c1885144971c00024799f724ff,2012,2013
b666903a4f441ce879fe35f5b65fca5c6014afd907d4dad276465e4f279e2185,b7202bc6ec23abc7213600bf710747ce4c033bc2778eac42b8b2fa6b59ff9edc,0fa63f734a02d34d31fc17098e9ed82f42ebdc02e243088460a21f5cdfbd1e2c,024be66a906dd2a0afeae3e4293260650173a6dd5733a1386557dbbc6a74b0d7,1997,1997
bbefba6bff56c0ba79cc583e8fd5948067b13c42f53a2aebf6c9b3caa841d097,21bd5a2143e0774c7324ca47a21b4d287d7ce0f877fae8b618572a7d43ce3fcf,db150ba1459961bc56e6f1ff81e7beb3b9eb3b5846ac8584c9d5cc33b71e214d,eec3e87d090913334755ceb0e25da34af808f6627589db8b1094f8249779f016,2000,2000
384ee32c5705b00cc23c0a0d542b1f87ee778ab7ae43372a31dbd8a60e53912e,e95d215f265ba0f85675f56ba7f589058e8e96c21af0eaf2b48f916358ff1714,f590483055a05dc2e3877675bcecf796cb77d15e4bbe1e39537cba8f96115bfc,6575dec7dbb2a96036171eaa0a8d96d3f85b1f1f1001447a2e8ceba8b6612605,1930,1931
a357ab81601af5b4e8fe457825b60c4d344c1750ede8a1ec35c2b1e6cdc0aca7,1f9c400d4bb12a640c2afdf182824e71322ce3add13af1f967ad788f81767d5f,ce49887aa7a26c2157e4beb8c86312060926c7f2f0342d35f5a5deeb8e13383d,1dcf1eb283e2af885602ec227cc2dc690980bb9d7a0c8d243c347e46bfb911e1,2009,2009
4a9a2cdf4b01ac99e0c22a3efa47151c0a7c7f944cc344616b60ef9e7ea44148,0b1ce31ac49c6364ca4249328cde76466e3c5c568f37807bd43d0b32f1163863,52e752d915fda2c22fc481b44e66d860d5281e4c878c0e058ddfb180ddb7a43b,7becc789aedd7e49bbb95d23e7d1df3eb3e6b48b44d79cd07f1873ad715fafe5,1973,1974
7bca741c80d93ffb10f69981a98332b1c62e09ceec965cdca351a2e1e84d4ab2,2390b1b456a8c638af3add49a53591480fe3bc75fa559d443e370f3f3b908df4,033dbde89b9d5f5843b571443d8558ac00502ba6e38287e773601b81777a4104,9bc7cd1a12d21f9bee48d5e21131bd5acbe433ad374cd8f559b704682f3da5bb,1933,1934
fb42d4ce47649bf393e7449759902d486dedec83afb1d4d7f044f1d29b51453c,3c50e4e8a5fd269c8cacce503e820097ea96e152b15d191081eeff490985147a,f4ccd08952de18401a14f5d21952c5c9ed04e1835e4a5f5ba35e3acc05dea9c0,10ac493916f682c931c0c22b44e2c3133bbce9c151b6566ebead441178bd6745,1947,1946
3fd1f39bbcb623f2ae0463ff62d20b698872e4a9f3410042733cd1286bd1acf9,f499ed0d480aacb386dda2478294824ebfd3297bf1b5fd6e24faf3f19a344360,a32bd0c67809635f61f7d97d97e25c91841f7331de11264c8a2f0848496cadcb,3d053a3ca592f678bbb0e1d978bbef5643e013c67988e248761e1b51f8445cfb,1943,1944
29019546fc6de6f81b6c0b7ef7bac31ade3d55a991c141217b3b317679443351,cbcb9e055bc3c3572b4dd51daa6d903ed632fda4d91feb52cfbf382aa461f6a6,bebea7f9e4a8755c4821405b320a695382026473107f0ec4ad61b82187da6248,0e1026b8470e1ab6c715ae8ebbb40c44a0bae8c00cd36ab8b48080f1a5c80c04,2017,2016
946655a67b9c295a7b8565644630c0f9c721f223276fc3455fc6007ed4241ef2,bf7ebf4f668c6a68cb189c847dcf5740740b7320bd249648ef5de86c70fade1a,aa84cb1be6bb1555e336407713f0ff3579ee9e9e1481a51e38c882a6e00d637e,cebaac073474a3d431423d32d72decf8f89e3ffc9ffa30fdeac78aef73704125,1985,1986
f3a5b59e52169133befaad0e74d07cad6c74ee649fb3ed3bba54c701b6644431,f0855f315a493b541f22349706144ef115786040c48cd87d127457c287223f35,c33f6765fc95dc145e435faf198284e1c8ed4dc75803f5f0adccbea97617b962,680792f99af937d02e9d4ae11db9454d47bd5b21e6f810dceb193d0b0de3feaa,1925,1926
78ddbee0faba56c772b6a1261bdc4af9d4434eb29e22138a1bdb712b767f284c,cd91c2af5e3e2ee8f605bf1edcbd49df9b5f99a8c7001dcaa7a8d81ab31c0d50,2d6867be846c2b594bd63f685a43fe15c74d20e70a2fd6a9792c1acc4545419d,d90560f0040c34d65662ac67c335138de15caa21eb8fbe6b97f818870bc5feaa,1998,1997
816f28a0a893688d8f5ff184c1ed71e86cd2031fec71f6937dd0f22d4df145ba,6756b1ccb7421a11dbfc92167cf85433b1980241f96a71008aa9e424f4574720,d0875b7b6b278d6f12c8eb5a638f562af5ec384e9327df86dad154334df2178a,e257af1065b39856032b38d4db88eb7ab3b370d976f7d3cb8dbc8ba1229ce7e5,1916,1915
4f477193e4216daaee8f2badac4df9aa789c92eac1789db51f6cdba492bb9ccc,4548d011169e7b09d0407494fa4b41eab54a06f8e02b1eb0115b20b56ad73703,7ae40f125c62c2e6b9a8de45149df9e1ae04068c0980dc64f8ff90f68aff5422,c145ba12a6569351ae2d95708d7b3f2f9b952dc003c8a0dc6bc35fc1ef079823,1995,1996
1996eda54310aaedd89776b1d3810cae95cc02ef55df1343546c177ae4ef3dc7,0ad4a772f7666b82eb61b76097d33660b2aeda7186eb00e627e7bd874240170d,502b42ffc81c208406bd30e0c61a3ac0232c55f77853f058e100c688848c4d2a,22d07599b7ba5474f40af04fee88e7fff787abcbed310d88cc1da8045d77e95f,1964,1964
b08bdb6bc01ba1befb585c1aa3719278bc96e7261280e289c3ae1b479e0f7c54,2b2bc8ad5a8bcaca27a9fc38ad50f245b9b7131b0f5df96acd58dbd6419cb32a,6622d602cb60752b99ea89f16f926c577feb17996cb7042ac64be0f4ce3097f7,88a641c1de9f1cc5bfb2d562e7ba0a0bd1ae2aebfb2ec45397a43a91075dd8c5,2008,2007
81ac862baceeaabfedbf0f8feec6d4094d789af0a682082302d848d5a4d274b4,75c33cc3a0630e90bb50e1dc2aef585772be263ed3192dc9a0e8ce8d03ee81eb,e0a5516ec671a5084112ca681a5280d74ba309865eb873f8245a0fbbb434c52c,c4de0a0d31c9259a254099577e422504e023e982b0151c08f4531ed99f70d1cd,1966,1966
c24b2adfe3a3a5a8b9fa06815aaadee6308bf8661d86297e616eb200edc6b319,618df59455031bb199e3c2c3b3883ccf30fecd6ab85dfd2e29c992c076f9a605,cb8cfccad8adc4b02bb5a099267e0c654feafd28fa30152a77f3fa16504c3b69,829afac2f798947f1e197ffe4d059090af784161fd018778823d7bb4e8e155b3,2021,2021
ea57df859d64e4993b74ba7c43d2dbbc2ad96d74ab680f8750ffe579116578b8,e85cbe92c81f31ab029598222a74c26a26aa59c26c85f5b490e776e9df084b42,365f1937bd7a79ab61eab02a8f15967d0865948cbaf708b0088eb2b9325c991a,dbd96ad3bec81eed958193d3118bfbf2dc1d0406e8029a6d84df4ea2af314b79,1914,1914
615fc2e492d10b1a30f7f602b021f3f347daa7282a78cda2ce4eefb9e4c308b0,f707e3fd4e1892b6aedb156a279ea1bf10886cd2a6d43090b71fd7676e8e90c8,aa1f2f089e5d320201521d688893f6ca851ba5889421ee8457500791f41e7d8f,6b2bae19db683432d8682f2aa18a44677750b19173fee7fde7e6767883fe677b,2021,2020
e08556d7d76d8ee0c485537d7339a14e0b0ed7aa287b3e5703c676301608c5e8,028b0eaa7043bf9fb1e8ae56fcb10e5765d9a743a362a49a3cccfd2d330049db,f69b4edc160b58c98bdcde0400341c765386a388245f84d54b7faf377ad1cdb4,744dfc973bf6563957529e562718e86295318ae0afe2170d843fbece87dfa9a5,1931,1931
3e9d5fc8dd89224877901a7cb10b18967296af2b4ceac96136c709e3b3799152,ea8d2c34a25441d7721fee4efc135223cb7e8e138dc27fcb7b66ac2d03240576,782792bcf92b1e908e2fdeb063fa65aebf3ae38e00a89d65ccf2b8879eb5b6c9,43f76ca4ffa3eddd7a383a9d399c7c663362cf0fd37a29a7bb0677cbaa1c0851,1994,1993
730a533962ee1b8b5f1bd3b398079958f35f08a52fecd2549c5a6d9181c31a1f,f3de5a21808626b216397ba160d2387e69a54f590b001e4abeacd52c86ce47ec,06ca061856b72944166c7cf7b51425ff730fe48dfc4314d938904e46dc5b9852,fe130515604fade7b4df11c49b13232b854901ad427fee3884f869c3fa2b491b,1997,1997
8ff06cfc1e90ed3dbb43e6dcc9ca291d12d2e3df18a9e18a62b0af6c5b78193f,30284dfdad341223488f8f82256e1cbab12bbe7d080b58362db7eb8a3bbcc79f,0c4f7252e295357074c1a7fca9a1dc2db950f3676b8e910214a057db90089839,ac1ba3c4999e1d541f761fa3eeb8f624ad55b81a0f436debfe535e4af9192030,1964,1965
c0e7e015b4f06acf5cbb6ac37402ae96ca13b173bb275a2e71ffb3f115c62488,f3aaffd729eb63d690973bd76a44344eff595b73de46cc46fe01bdb122250ca9,90165ddc8408629aec60ea97d5156eacd36bd5b56ce8a6f9ab753d90743c51a3,62830c3b83ac3bd6dc42d63adda1c6b98e2a83ee371f5c098b4758bc371afb60,1963,1964
c786ebd0d0628d09aaebfec9e44669cf0d2080fdbd18813b14eb5d00edd8a15b,960563fe9ecc4fc018cc7f06b9f6e5c2a68223617b6c71bee780b3e014562edb,f50d588cf9bae4df1a142f4bb5820c6c2a574e8a75c339f256630983b4acb111,a256a723cbd3c0b5205fc18fe2a0ada49e922c9e938c8265148590d45dd74b09,1944,1943
4a1f189e75e5e79553a4ee2f8531cd49690cef2513a8cceca6e924524b55fb58,df88f77503cabbc023e7bb16f34f27be6ff26b034a4792a38cdd1b3549c1020b,11609500e53d7edc05921ec532edbc07642a385448606d26c52771603dca4d64,2b3ce1f8039cd5e442026eee320a11111a433916fa289ccb13781a777d528dee,1924,1925
37ad9f832c950e663c42fc0ed01d7280273c0c1e8ceccf94f7b53fa805dbef25,fea6f8eb7fcc1b8edb3d3c2cd5abcf6ddec3f9012ac2f3b1699ea7e972dffd34,6089bf92aad49110d408e67a67d2f48ad8b2a8e3d657d0e6a05e742f71a30d1c,d695caffaee2549dec06694031c11fb93b37b69f6b4383128fa4d00bc9e84178,2003,2004
211ebddf6f59556305855ade6ad75213aa029b27e190eff6ba2ec425a850aff1,3ab2c4008067b2121820a25edc1942443f8f839bce05d0cf14d3eafc9f51e713,ae38efb1f2211a59a4821c62b492fdfdae5d452d100f2c54a5cda53c8acb2b8f,fe8a9928b38d59ef1028238c165d7f64b25c80719554ca7b789a392d41770950,1938,1938
feb2b1c07283b02e80334ce5829267af41a40abcd122a24de094b504ba114736,1c53ee36982e89fef50e1e3c66015fdcbe5d1efd28e375d20ec471d256d5d6cd,4a79c17ad90fa349aef322d8345b5442cea46d7d75e8f37edb32af6f2c0ab02a,82cabd1e4ab7d97096104a09290a01e452d53cd6d52cb230d1f3becc6a911289,1923,1922
d04d7c26a8fb8b0c89968e90fefc401f49c2b0e730384a09429f5ef4e3a8ff2c,e5d28c5ecb254faf30800a0ffdb112fc66176dcde59bc08f1db3f160fa608591,1ae70c7d551fb2f28df4008645ddc7219a954aba827e3952596500da7fcf8bad,ca6f8fa8b4319c5e766c77e8fb24ef3afb46cfe49e07fd2332485b2fefd965a7,1998,1998
ee4f634c79b61dd4800382d9a035615d03022f620434e0c6091af6f06c1b8ef0,f1536b6aa626a9a903472a9693217cfa27f5127ce3035381f972052f23eaa728,a398ae7453df1dcab47d5e88d4fa8a72a27b0d674b6d74e65397e0e829c0b148,3f7de22c1a6c98e28f6f81b71838c49bf6b2cff5f1c2ea0db04a57b6ea574774,1942,1942
b4435546d1f41746a4a30283461002328595e2107d736afb118b8dd76c93003a,f1383b5cf16b21d0f4a74749403f64e1ad209d6b2a3fc1ac33b68261eea8036b,57b48667e88166b38be05484442aabc4f2f5772af27c34bee643b8e37619d7b4,cd1295c839fd12324f5acee795318b473f7d37476b7929d1c53573482e949dd6,1963,1963
c5c03a4b3e0427fe9d13c9eaa1630dc53c84deb6654c124f235b014ed40017af,176166b473d62d4237fdd1b90eb1ceb098f3df62bc50af4ae3b44b7a583107ab,d9755991411850946364bca112fca81c93777f091e86e1ad19420cee98829c81,45c2d8a3b24ea0513861140dd2ac84a6d5eee4e1b6ad7d8f053ef689bd49a020,2010,2010
baebb942fb69ddd64c850a0238cb055194a61352b8185927df10bdce53b89cf0,fa9a58a842276b7a25275a12e2c0038c66f53c516eac42e850b5b87632deb741,40e5de5c642c7435a964ae93fd1d00ad757df904de95260dacd163140ef62533,674497353cffc2ccf403582cbce8bae9886facb1315ecb8e5e7d216a169654f1,1926,1926
0d4ff37a6fd2634a3d5b8b96c1b330eabf4aa84a98ca2bea2ddb5d6a7e96aec9,e2696af41d3ed9c7ef90c60eaa227c9fbc2dcdea69e011c066124bc92b81df36,7c0e4e8f81f628a660d514edc0bb2c5c123acdabfacdfd2d0a3dd972a1104421,db46af84b3f3e1d2127c4c99054e817963e82406a004cf88e122bd48d37fb051,1944,1944
dd8bd74b68e2b5f3d82cb65483ed9970e4df347364a755a5696ac60c2262e792,cdb909f0e147c3b50f50a253b40d9b4e32cc71357dd12fd01d661af19318e4ec,f639f18719817e5a7fe6e76680b075d9dae07891d11afc1db4b5512d2777b6b3,a34dd1d806e0d3b69fb6dcc48faa702bd114d082eda9708445b5dd0d8f524082,2014,2014
56cff051ce9071e1d8a41bab7209d91fc8b0d17df8e5d90f1342fb10ce72d777,0dea6785b976af2d63474bac5e3eee65edd4055806b0f184250575f70ceb064d,80de6527970bd6c0aa2bbff9842a0c6db9ccd870fc7825306d08814a8a187835,e7f5b4771ed03a7c133bcd665be592791f35f3a7507b6ea167d059a3f68ac4ca,1982,1981
1c2912ebdee2420f98e41c6007c754a9ca16ce491c2a96c7557cacb04af2a453,3c6685feab36cd54a96f0a60b5950037b1a22a42bb1c2bc56b6fa9f587b4aab3,7931c4514e824f9f14ef5c56696fd547a3435235ed8cddf0a09ec4ec23793474,ae7a546067ab5ed839e71c5145ae15ddbbcfe54b5192319a3903801185bda20f,2024,2025
8ec534e7c3fa04f8a679c53967b13e8c0d09a12a05f019fbcaf43998a19bbfe1,6c763762d504da61de7c38f923332fa271c9bf59c0d90ac880517262cef40921,9b82d99ed8c342acfef2376622eff7963d0a80d1939ecd67f108118d0a7b1002,e1ae7b108da2368cbb7c95fffdbfb058b2d42ec1821c4f36732267457b04808b,1962,1962
834cd8b1607c78072cfee7a84cd81238ced322157840054daf484c74b883d548,a3fc8e996ecd1d4fe68d02fa50264b8a63acbab24080a262140840487a8d3446,c2987784c6beda09f082fedd7c4ade8e0e18f7fd3a24056adf1fbc76bd449410,666c6c93d71d99ff9d22b270623fb030d1ff4506ea9b3e97c28ca1510788c839,1953,1953
6b67b629fbb13f1a1d5b0105fdc295579f14f3eab725bcefe618d91e1c961817,ac6363ec45fab62a982ba11741da07d6662d740cc14a05d6f06bcfe9efafdbc4,4cf825213331f4bbd46fb323215d74e110e49e6e0b62296ddd7219b4ba16970a,7c848eef78d5caecab9831ca783c04632cf25a3ad4812f47e6de1f20bf9e6f28,1981,1981
67499dac4cb0648f97aab3255b25a8c874b3c1ece82f3b856c9be03f1b15ecf5,8f8ee3f307ef3a5a87ac0d87b472ebd02a90152692cc78b67361adfabfe0d981,bbc8eb7952fb76917d14c6f64ddb2830d3dcd04f9829b916322ce1a34f4716fa,081a917b8f82c0aaa52f1229b99f232551f05381efc23a5c70b69a3b90462d9c,1984,1984
ea8115f72b82e3eb9148b777d64ae56252fbb4bf8e4025d871ee8b1432c6bba6,4de4919f5d918b089b4299011d4ff29987463c3b84787d706ded70678cbd5f04,b49fd5aa652e7b26a0a77fec1d6be15c96b8b4c38aa3c2ab3a2bfb9cd3ef547d,d1f745aee494b7a418965c48d220c763785ec519a10df1635a52b2972a0b3fa1,1972,1972
106e6ded5d6fd1e5c9e4e7ed1c60824738ecf989434a7e68ebe13df6e5b34e89,3185f638319ac7f01f6a50ea948e56ecc498dc5623964e251c4b0447f3058ea9,c72915a83025c8bf5580196541ee94d6c8cfaabdb211da2a001c7d9158c8c502,2ae4e9042ef951b27935cea399afb23d08918a62b574709cdadfa585f6a4fb71,2022,2022
8736ceed2b502fc965b8906292df88ebc630cf8afa3166fcaea61d120699ecec,f7d66ef334749c0b816ac8514429d4901606a9679836daaef4829a1276510946,ef4de97860e3b47ee683bbf612db96f5ffc285a13e218454a780fe235444f21f,c0090ceb2845040d612e04893b372fa4d001176d318c214e6d87d01e9b55a517,1970,1971
524f719c6b785075418831d705a3a93bb0111f3ce8d4f71f6f5ac93bd6bbdf74,fe6ac07f0f78f19f26fb0f6d3d1dd6a4e646000c94d4cc6a26afe4f9c61d3873,b06d3334840c4917aaa29d1b396be66da39fb96d8f8750414013991a3bd53b70,8c136269f888d4c7f41f4a4d19f1740049f37459fd5c5bd93006f803cbb9e6f5,1992,1993
b5be16743a7d5d1be717458c4b6530f8016a9a8e226dfe023c4ada8035b72153,f0de8cdab1475fb6d51cdc9a8cde4f46727622dd706da620afc8c13f8d5ee392,2b4d8224f14aceef4b39877c08f050323a9c254eb071b07a1fcf9b6ecc59c903,031416c9645a88d63e77262fa4ba167b0bf3c8f9e3196234bb9edd6096566f4f,1926,1926
e9c29be4593400228084ceb15e7c6148079548557f0519c6d5a6de192b721fa9,7532d0b30cacae8ab8fc7f6c7204f4911bcc29b99c5a3599cd3395df62123178,4e12028439407df6bfb7f09548bad4c8493c558c58b3cc8417c81f11d2b830a2,fa758beeedb4ca54389d1b23e4355700d829d9c1e1fb27c56c1551872abd5475,1915,1916
37b75d8207e60ef1cc1287bac707eeedff32e9f71eac1d59091c739caf87a74d,723c19e067b3a796229ae956cbd16979fe1fa7a80166137600e1fb29fefab45e,82ec181a2e11d8af44172aecafbfd4f1cc40253ba2e1492580a43c7619f697cd,d680303c1c930ab941c2395d4d20d1c85d7063943f583b5c1aa48d8385a6457d,1964,1963
65ad956a333ec98b87dc284d19cfdcbf6c9c926f4927e0d1a71cc8f2368fc8bf,3b26277cb5819bcbfabcb0a238db5637dd6d41d882a6dbe5b57d9d30d0af7391,ad2083b9a2d1d0c5bf55881dfe66ce8f854ccc03e9eb6e69eeeb2491fa442d8f,f8f7c507330bc3a48b73f04e036c4bcbd6995161077215d2123d7a4a407736fd,1947,1947
9b38a75c3b09c70e1e1c94035cd4219f3c97397b111240a1b9cd184ec740f168,ab89ec6ea9001333d477171b44a97c78ed4f57854fbe2e8fd8b95148a68ba6b2,43202cc4db288f586595cdd00ea3736e16fc7f9f57b16c51cfd7f7e9d9f9cf9e,b732bf86bf942e3c80084f730432369b7a38d36f5996123a6d8c8341a84efdcc,1969,1968
c5429e7520707051a5397fb7c54e9ae173320243d5919d567c32b1dfd25ef2dd,25db3b0305481c10fdd873bcb86fe3b5e48a73af84bb7f42b8b777fbf01f8d8e,fabedcc6f47f5f57807fb2d9e5993cf2b058650ffe80863e9ee6fb3f58f9722d,8651916a7dda0cdfc21625d4d59adfef8a51b815223196505aaa0539e668416f,1970,1969
884a24d10aea1a6826f928b7cb4d46602483b04fa2998e564dfc5bb62892e0eb,2f65b3261b9c3f2c570fb8da9e4739dc12bb1a812b3fcce812e03c594baf7b13,4a53b62dbaa942bbd461ee4c3a0120fd9c9547cccfc49e2bc9397ff6bd14e653,72483dede14d215d578ecf65679ee42d9633dddfe5085a150061eaf27e644702,2009,2009
fde64a8e3b5040345a6fca05280115fa77bfba986be5e8cfef88baf593e87557,370f6ef7658208ff40b3daae5eb634c72f66e379b08b0c0c0cee02ef97573d47,c5d008efc228a99e00fdfb79f10dc18a74eec3373488c147980e6d8be00b2aad,0618e788a8bf0fb06da2d834c786073639d09297cc92435536df6ee5c48c677b,2025,2026
0ad20c51a23eba683f9f7e02195de8121c930c487260d75a3668c8362c215b19,4717accd9d1b4bc6fd712a1c82b0c446735e0e5f7a83feafe7032a440062fe16,1c62653be7dad401de85296b3f90d6834fb01bdc5e701b140e949d9866aa7056,eeeffa6e48493dcb0ac6fe5e553f3c3a6269ea1b6147c623f2865b028dc0b1dc,1910,1909
b349c86d7987a4d36ab0763a37f1f65f79332b52b2cb0273cd99992e5344e01b,1eb424d87d794ca52997ce617a2a86a9a75a6eef84578988f94893ff7ac12b38,fecd80694f18ec8ef351b637e86bd044173898c65e5b4b3d86826509ee974a72,cfa8238eaef4b54900aa8b68c0b5dd8e190d94387ea832b9bcedcdb12f9acd5f,1987,1987
e3227db97825c712cdfd298214d22ceda5b59f8783adb984f12200d3c15443d5,a1e05f2e4e1b7664c52365a4812be258493941fdf7217251e86c5fe54c84e217,d8167b188801865a4d6650d136ed98494ef2c66b1426d61d99ab400e218b8644,e9f69febb372ff92b87eaefe98f0a858cace2d5dbab6c9a5f2fcd2208ea29733,1980,1979
d84d6e3cfec827a0bda5176b9317e0fa1b2bf74a7ada3157616620d519c9e6c1,7697d318c1062658e89f9d1ea93c0481b3624cfb0ecee24d16d503c1569f775f,f5b35e3bf008d4f42c782b835f925ebcff8ddf7208c6fb2094e449486eb8ee26,f37b2ad1a72780851eb297f79419d8d8acafad60fec85ff28142aaac34bcfefa,1986,1985
b68137f130186fabaa63346dd3424d2e7f020a332912491cdd0cf2f11915c21c,ebcebac20efbc6fb88d256e5ffbde08030940e462aceb181660f5e508c0a98e7,95cd8baaa3edb892d51d9937ed49c7bcb7324fec558acd3974c92ec17e562f3c,c855359d80ed028a32047bfbe8ccbb95c52a91ac14114b48351e54207eeba7a6,1981,1980
174cf5e359c8a80a2f142dda47e3ef328a4312a6ac480422b4f672038f16ee5f,eb52f67bcb379244fb82bcf8b4811ee2fa2ca28a56ab24c78d78352ee72b7e79,08bf73df785a88d52781640da2bd982aa219f8e96591d88144581670511f22be,5990646b9951c603d7459c5dd9f85858616ae3aecc0958d6628a20e20c301dfa,1933,1932
d7f81c4883c7842f6970f41d46322f1dcdea7bdfe06c17748e23a6beabc46db6,b937f2201c3b51d973bb0f3928b02c742f09edb7315b56207769ef162493b13e,fad8fe3fb3582f10c76095a11674521fef9ceac30ac62da9e86d7b68f17cb23d,a285992da2fc20805067c70090bd35e1420457324c61825a123e1fcacf669aea,1931,1932
78418e4c103e13b6152b0711df64eb2ce774988a268138fcea41ad3f0c4b21ed,3daa28da88cbb3175f671b4ee9877c567a04fa0beadd16805925ea7e6e7a0d20,169442306af0738710b6faceee87986631a804f099c0689a8b38cd6f11862d46,c88f9f877bc52f87b7151a5564a82a4707472b87da47aaf1886c58ac25a58495,1917,1916
19a0a97db18f62d81cbc3569bb27d7090eabc9a2ae767990949baaf702c59595,58caa19b53ce0424dff3292d4c41448d76b8cf329e48d7d638575caef2490e88,94c202d604ffc0091097e2f07299bf7844e1606e2a5363dd300395aed4dc36db,afa5c283b5f7c46a0b088771b7c24ebfacf671a859df7537b0221a76bb232e17,1989,1988
d2d8a1054e244f0b86b4c0387e51ad2c50bf435c14cb8c4ee3fa04604a694d44,d8019a554803f2706069bfb4d2668b86b9e8f5fe266a1e2dd989b729c3e19448,f3ab00069362cfbbfb2275521441ccb6717088b57c2e08c357b1bc9c3a216587,cd23e268ba08f7afbc5a76c3fef3c86777f5f597d72e588b87aa4076a3ae8e70,1938,1937
6e1b8c097fc81a5c3fdfc853efd7289dc7539f79897b6f535e7460790f5cfc23,582ef617c10a388c4eb159fdee615f98fe1da9d2c30eed52858f2d936d5d6d82,13093c6ae94f531cfb94ca6564c89ce3db889455c39eacd116364665684c9b90,171179b88504eddc734090abd09f87f401dc931a91d914795ee297543a0b872a,1959,1960
8c440ac8e27e17bc13e22f5be67d784d74aa2dd2cde23548ccd47f6efbc4d26b,ed29d48b1be072064d38571ad560918c1161ffc1294eb34adfcd64e5a936973b,19b9bd4b2983b0d68ddf224fe3a9dea036d8925a53002a9d576becd61ea6f305,28f3bb9a2ec80092eeb0f1d007f488a90d1d7f42d44b43ab88d061f8be49841d,1951,1950
bf2e56cc332cef9cdd80f0329b8fa19ccd9aa2ad6b145a835f2862ecd8c024eb,10cd924b389efc9196b654dfe4f8a7770e1364a704b971ca99fb01be44d4345e,bac913064abb0141b0acf0bc53052bf66365961f9630e2d86568cedd4897d0c1,e1876046ed94bbdeef925646276b8b6b097f730998cee35448f4a36cb9fe2f5a,2012,2011
